mesh_uri,snomed_uri,skos_property,confidence,mapping_method,mesh_id,snomed_id,snomed_term,frequency,entity_classes,corpora
http://id.nlm.nih.gov/mesh/D011692,http://snomed.info/id/372723005,skos:broadMatch,0.65,mrrel_rb,D011692,372723005,Antineoplastic antibiotic,114,chemical,"BC5CDR,BioRED"
http://id.nlm.nih.gov/mesh/D016202,http://snomed.info/id/105590001,skos:relatedMatch,0.40,"sty_fallback:Amino Acid, Peptide, or Protein",D016202,105590001,Substance,71,chemical,"BC5CDR,BioRED"
http://id.nlm.nih.gov/mesh/D054556,http://snomed.info/id/64572001,skos:relatedMatch,0.40,sty_fallback:Disease or Syndrome,D054556,64572001,Disease,54,disease,"BC5CDR,BioRED"
http://id.nlm.nih.gov/mesh/D013481,http://snomed.info/id/105590001,skos:relatedMatch,0.40,sty_fallback:Organic Chemical,D013481,105590001,Substance,44,chemical,"BC5CDR,BioRED"
http://id.nlm.nih.gov/mesh/D016291,http://snomed.info/id/414351004,skos:broadMatch,0.65,mrrel_rb,D016291,414351004,Glutamate receptor antagonist,44,chemical,"BC5CDR,BioRED"
http://id.nlm.nih.gov/mesh/C029036,http://snomed.info/id/413767000,skos:broadMatch,0.65,mrrel_rb,C029036,413767000,Carotinoid,34,chemical,"BC5CDR,BioRED"
http://id.nlm.nih.gov/mesh/D019335,http://snomed.info/id/407312007,skos:broadMatch,0.65,mrrel_rb,D019335,407312007,Enzyme inhibitor,33,chemical,"BC5CDR,BioRED"
http://id.nlm.nih.gov/mesh/D017382,http://snomed.info/id/105590001,skos:relatedMatch,0.40,"sty_fallback:Element, Ion, or Isotope",D017382,105590001,Substance,31,chemical,BioRED
http://id.nlm.nih.gov/mesh/D018943,http://snomed.info/id/105590001,skos:relatedMatch,0.40,sty_fallback:Organic Chemical,D018943,105590001,Substance,31,chemical,"BC5CDR,BioRED"
http://id.nlm.nih.gov/mesh/D009410,http://snomed.info/id/404684003,skos:relatedMatch,0.40,sty_fallback:Cell or Molecular Dysfunction,D009410,404684003,Clinical finding,30,disease,"BC5CDR,BioRED"
http://id.nlm.nih.gov/mesh/C035054,http://snomed.info/id/372752008,skos:broadMatch,0.65,mrrel_rb,C035054,372752008,Central nervous system agent,30,chemical,"BC5CDR,BioRED"
http://id.nlm.nih.gov/mesh/D006947,http://snomed.info/id/404684003,skos:relatedMatch,0.40,sty_fallback:Finding,D006947,404684003,Clinical finding,29,disease,"BC5CDR,BioRED"
http://id.nlm.nih.gov/mesh/D009362,http://snomed.info/id/108369006,skos:relatedMatch,0.40,sty_fallback:Neoplastic Process,D009362,108369006,Neoplasm,26,disease,"BC5CDR,BioRED"
http://id.nlm.nih.gov/mesh/C069357,http://snomed.info/id/259873004,skos:broadMatch,0.65,mrrel_rb,C069357,259873004,Methyl histamine,26,chemical,"BC5CDR,BioRED"
http://id.nlm.nih.gov/mesh/C522803,http://snomed.info/id/105590001,skos:relatedMatch,0.40,sty_fallback:Organic Chemical,C522803,105590001,Substance,22,chemical,"BC5CDR,BioRED"
http://id.nlm.nih.gov/mesh/C052075,http://snomed.info/id/255632006,skos:broadMatch,0.65,mrrel_rb,C052075,255632006,Anticonvulsant,22,chemical,"BC5CDR,BioRED"
http://id.nlm.nih.gov/mesh/D005076,http://snomed.info/id/30704002,skos:narrowMatch,0.55,mrrel_rn,D005076,30704002,Butterfly rash,21,disease,"BC5CDR,BioRED"
http://id.nlm.nih.gov/mesh/C087567,http://snomed.info/id/419693009,skos:broadMatch,0.65,mrrel_rb,C087567,419693009,Tropane,21,chemical,BC5CDR
http://id.nlm.nih.gov/mesh/C007145,http://snomed.info/id/289941004,skos:broadMatch,0.65,mrrel_rb,C007145,289941004,Plant extract,20,chemical,"BC5CDR,BioRED"
http://id.nlm.nih.gov/mesh/D016627,http://snomed.info/id/318711006,skos:broadMatch,0.65,mrrel_rb,D016627,318711006,Adrenergic neurone blocker-containing product,20,chemical,"BC5CDR,BioRED"
http://id.nlm.nih.gov/mesh/C573355,http://snomed.info/id/707161007,skos:broadMatch,0.65,mrrel_rb,C573355,707161007,Triterpene,19,chemical,"BC5CDR,BioRED"
http://id.nlm.nih.gov/mesh/D000014,http://snomed.info/id/1237226008,skos:narrowMatch,0.55,mrrel_rn,D000014,1237226008,Isotretinoin syndrome,18,disease,BC5CDR
http://id.nlm.nih.gov/mesh/C058876,http://snomed.info/id/418183005,skos:broadMatch,0.65,mrrel_rb,C058876,418183005,Psychotropic agent,18,chemical,"BC5CDR,BioRED"
http://id.nlm.nih.gov/mesh/C401121,http://snomed.info/id/782436006,skos:broadMatch,0.65,mrrel_rb,C401121,782436006,Sodium channel blocker,18,chemical,"BC5CDR,BioRED"
http://id.nlm.nih.gov/mesh/D019331,http://snomed.info/id/407312007,skos:broadMatch,0.65,mrrel_rb,D019331,407312007,Enzyme inhibitor,18,chemical,"BC5CDR,BioRED"
http://id.nlm.nih.gov/mesh/C524754,http://snomed.info/id/105590001,skos:relatedMatch,0.40,sty_fallback:Organic Chemical,C524754,105590001,Substance,16,chemical,"BC5CDR,BioRED"
http://id.nlm.nih.gov/mesh/D016713,http://snomed.info/id/373282008,skos:broadMatch,0.65,mrrel_rb,D016713,373282008,Anxiolytic agent,16,chemical,"BC5CDR,BioRED"
http://id.nlm.nih.gov/mesh/C564042,http://snomed.info/id/197811007,skos:broadMatch,0.65,mrrel_rb,C564042,197811007,Vesicoureteric reflux,15,disease,BioRED
http://id.nlm.nih.gov/mesh/C507242,http://snomed.info/id/105590001,skos:relatedMatch,0.40,sty_fallback:Organic Chemical,C507242,105590001,Substance,14,chemical,"BC5CDR,BioRED"
http://id.nlm.nih.gov/mesh/D038901,http://snomed.info/id/49984004,skos:narrowMatch,0.55,mrrel_rn,D038901,49984004,FG syndrome,14,disease,BioRED
http://id.nlm.nih.gov/mesh/C004742,http://snomed.info/id/417695006,skos:broadMatch,0.65,mrrel_rb,C004742,417695006,Benzofuran,14,chemical,"BC5CDR,BioRED"
http://id.nlm.nih.gov/mesh/C020972,http://snomed.info/id/1156599007,skos:broadMatch,0.65,mrrel_rb,C020972,1156599007,Thiocarbamate,14,chemical,BC5CDR
http://id.nlm.nih.gov/mesh/C032348,http://snomed.info/id/70587000,skos:broadMatch,0.65,mrrel_rb,C032348,70587000,Beta alanine,14,chemical,"BC5CDR,BioRED"
http://id.nlm.nih.gov/mesh/C047847,http://snomed.info/id/441338003,skos:broadMatch,0.65,mrrel_rb,C047847,441338003,Propanolamine,14,chemical,BC5CDR
http://id.nlm.nih.gov/mesh/C108761,http://snomed.info/id/387092000,skos:broadMatch,0.65,mrrel_rb,C108761,387092000,Urea,14,chemical,"BC5CDR,BioRED"
http://id.nlm.nih.gov/mesh/C511402,http://snomed.info/id/105590001,skos:relatedMatch,0.40,sty_fallback:Organic Chemical,C511402,105590001,Substance,13,chemical,BC5CDR
http://id.nlm.nih.gov/mesh/D012735,http://snomed.info/id/64572001,skos:relatedMatch,0.40,sty_fallback:Pathologic Function,D012735,64572001,Disease,13,disease,BC5CDR
http://id.nlm.nih.gov/mesh/D006130,http://snomed.info/id/716024001,skos:narrowMatch,0.55,mrrel_rn,D006130,716024001,GMS syndrome,13,disease,"BC5CDR,BioRED"
http://id.nlm.nih.gov/mesh/C009172,http://snomed.info/id/300070004,skos:broadMatch,0.65,mrrel_rb,C009172,300070004,Phenol and derivatives,13,chemical,BioRED
http://id.nlm.nih.gov/mesh/C031662,http://snomed.info/id/372612001,skos:broadMatch,0.65,mrrel_rb,C031662,372612001,Antifolate,13,chemical,BC5CDR
http://id.nlm.nih.gov/mesh/C013592,http://snomed.info/id/105590001,skos:relatedMatch,0.40,sty_fallback:Organic Chemical,C013592,105590001,Substance,12,chemical,"BC5CDR,BioRED"
http://id.nlm.nih.gov/mesh/D008668,http://snomed.info/id/105590001,skos:relatedMatch,0.40,"sty_fallback:Amino Acid, Peptide, or Protein",D008668,105590001,Substance,12,chemical,"BC5CDR,BioRED"
http://id.nlm.nih.gov/mesh/D010695,http://snomed.info/id/105590001,skos:relatedMatch,0.40,sty_fallback:Organic Chemical,D010695,105590001,Substance,12,chemical,"BC5CDR,BioRED"
http://id.nlm.nih.gov/mesh/C042375,http://snomed.info/id/372679000,skos:broadMatch,0.65,mrrel_rb,C042375,372679000,Muscarinic receptor antagonist,12,chemical,"BC5CDR,BioRED"
http://id.nlm.nih.gov/mesh/C051883,http://snomed.info/id/259333003,skos:broadMatch,0.65,mrrel_rb,C051883,259333003,Calcitriol,12,chemical,BC5CDR
http://id.nlm.nih.gov/mesh/D004052,http://snomed.info/id/372669002,skos:broadMatch,0.65,mrrel_rb,D004052,372669002,Alkylating agent,12,chemical,BC5CDR
http://id.nlm.nih.gov/mesh/D007608,http://snomed.info/id/111103004,skos:broadMatch,0.65,mrrel_rb,D007608,111103004,Nematocide,12,chemical,BC5CDR
http://id.nlm.nih.gov/mesh/D014579,http://snomed.info/id/105590001,skos:relatedMatch,0.40,"sty_fallback:Amino Acid, Peptide, or Protein",D014579,105590001,Substance,11,chemical,BC5CDR
http://id.nlm.nih.gov/mesh/D008054,http://snomed.info/id/89191001,skos:narrowMatch,0.55,mrrel_rn,D008054,89191001,"15-hydroperoxy-5,8,11,13-eicosatetraenoic acid",11,chemical,"BC5CDR,BioRED"
http://id.nlm.nih.gov/mesh/C016583,http://snomed.info/id/88376000,skos:broadMatch,0.65,mrrel_rb,C016583,88376000,Carcinogen,11,chemical,BioRED
http://id.nlm.nih.gov/mesh/C048599,http://snomed.info/id/35431001,skos:broadMatch,0.65,mrrel_rb,C048599,35431001,Adenosine,11,chemical,"BC5CDR,BioRED"
http://id.nlm.nih.gov/mesh/C121249,http://snomed.info/id/428162000,skos:broadMatch,0.65,mrrel_rb,C121249,428162000,Thiazole,11,chemical,BC5CDR
http://id.nlm.nih.gov/mesh/C538098,http://snomed.info/id/2089002,skos:broadMatch,0.65,mrrel_rb,C538098,2089002,Osteitis deformans,11,disease,BioRED
http://id.nlm.nih.gov/mesh/C009591,http://snomed.info/id/105590001,skos:relatedMatch,0.40,sty_fallback:Organic Chemical,C009591,105590001,Substance,10,chemical,"BC5CDR,BioRED"
http://id.nlm.nih.gov/mesh/C070935,http://snomed.info/id/105590001,skos:relatedMatch,0.40,sty_fallback:Organic Chemical,C070935,105590001,Substance,10,chemical,BC5CDR
http://id.nlm.nih.gov/mesh/D005200,http://snomed.info/id/105590001,skos:relatedMatch,0.40,sty_fallback:Organic Chemical,D005200,105590001,Substance,10,chemical,BC5CDR
http://id.nlm.nih.gov/mesh/D063646,http://snomed.info/id/108369006,skos:relatedMatch,0.40,sty_fallback:Neoplastic Process,D063646,108369006,Neoplasm,10,disease,"BC5CDR,BioRED"
http://id.nlm.nih.gov/mesh/D000975,http://snomed.info/id/763043008,skos:narrowMatch,0.55,mrrel_rn,D000975,763043008,Boldine,10,chemical,BioRED
http://id.nlm.nih.gov/mesh/C045894,http://snomed.info/id/372612001,skos:broadMatch,0.65,mrrel_rb,C045894,372612001,Antifolate,10,chemical,BC5CDR
http://id.nlm.nih.gov/mesh/C051786,http://snomed.info/id/71818000,skos:broadMatch,0.65,mrrel_rb,C051786,71818000,Herbicide,10,chemical,BC5CDR
http://id.nlm.nih.gov/mesh/C056595,http://snomed.info/id/372793000,skos:broadMatch,0.65,mrrel_rb,C056595,372793000,Diltiazem,10,chemical,BC5CDR
http://id.nlm.nih.gov/mesh/C066201,http://snomed.info/id/407312007,skos:broadMatch,0.65,mrrel_rb,C066201,407312007,Enzyme inhibitor,10,chemical,"BC5CDR,BioRED"
http://id.nlm.nih.gov/mesh/C075750,http://snomed.info/id/387228004,skos:broadMatch,0.65,mrrel_rb,C075750,387228004,Dinoprost,10,chemical,"BC5CDR,BioRED"
http://id.nlm.nih.gov/mesh/C032976,http://snomed.info/id/105590001,skos:relatedMatch,0.40,sty_fallback:Organic Chemical,C032976,105590001,Substance,9,chemical,BC5CDR
http://id.nlm.nih.gov/mesh/D001640,http://snomed.info/id/105590001,skos:relatedMatch,0.40,sty_fallback:Organic Chemical,D001640,105590001,Substance,9,chemical,BC5CDR
http://id.nlm.nih.gov/mesh/D005937,http://snomed.info/id/105590001,skos:relatedMatch,0.40,sty_fallback:Organic Chemical,D005937,105590001,Substance,9,chemical,BC5CDR
http://id.nlm.nih.gov/mesh/D012492,http://snomed.info/id/105590001,skos:relatedMatch,0.40,sty_fallback:Chemical Viewed Structurally,D012492,105590001,Substance,9,chemical,"BC5CDR,BioRED"
http://id.nlm.nih.gov/mesh/D015116,http://snomed.info/id/105590001,skos:relatedMatch,0.40,sty_fallback:Organic Chemical,D015116,105590001,Substance,9,chemical,"BC5CDR,BioRED"
http://id.nlm.nih.gov/mesh/D010710,http://snomed.info/id/419846004,skos:narrowMatch,0.55,mrrel_rn,D010710,419846004,Ferrous phosphate,9,chemical,BC5CDR
http://id.nlm.nih.gov/mesh/D047630,http://snomed.info/id/444608004,skos:narrowMatch,0.55,mrrel_rn,D047630,444608004,Romidepsin,9,chemical,BioRED
http://id.nlm.nih.gov/mesh/C002887,http://snomed.info/id/407312007,skos:broadMatch,0.65,mrrel_rb,C002887,407312007,Enzyme inhibitor,9,chemical,BC5CDR
http://id.nlm.nih.gov/mesh/C036466,http://snomed.info/id/372720008,skos:broadMatch,0.65,mrrel_rb,C036466,372720008,Antidepressant,9,chemical,BC5CDR
http://id.nlm.nih.gov/mesh/C048279,http://snomed.info/id/373568007,skos:broadMatch,0.65,mrrel_rb,C048279,373568007,Chlorhexidine,9,chemical,BC5CDR
http://id.nlm.nih.gov/mesh/C055603,http://snomed.info/id/372586001,skos:broadMatch,0.65,mrrel_rb,C055603,372586001,Hypotensive agent,9,chemical,BC5CDR
http://id.nlm.nih.gov/mesh/C055866,http://snomed.info/id/372688009,skos:broadMatch,0.65,mrrel_rb,C055866,372688009,Antineoplastic agent,9,chemical,BC5CDR
http://id.nlm.nih.gov/mesh/C535650,http://snomed.info/id/126824007,skos:broadMatch,0.65,mrrel_rb,C535650,126824007,Neoplasm of stomach,9,disease,BioRED
http://id.nlm.nih.gov/mesh/D019806,http://snomed.info/id/372787008,skos:broadMatch,0.65,mrrel_rb,D019806,372787008,Vasodilator,9,chemical,BC5CDR
http://id.nlm.nih.gov/mesh/C049864,http://snomed.info/id/105590001,skos:relatedMatch,0.40,sty_fallback:Organic Chemical,C049864,105590001,Substance,8,chemical,"BC5CDR,BioRED"
http://id.nlm.nih.gov/mesh/C060802,http://snomed.info/id/105590001,skos:relatedMatch,0.40,sty_fallback:Organic Chemical,C060802,105590001,Substance,8,chemical,BC5CDR
http://id.nlm.nih.gov/mesh/C442759,http://snomed.info/id/105590001,skos:relatedMatch,0.40,sty_fallback:Organic Chemical,C442759,105590001,Substance,8,chemical,"BC5CDR,BioRED"
http://id.nlm.nih.gov/mesh/D002092,http://snomed.info/id/105590001,skos:relatedMatch,0.40,sty_fallback:Organic Chemical,D002092,105590001,Substance,8,chemical,"BC5CDR,BioRED"
http://id.nlm.nih.gov/mesh/D008050,http://snomed.info/id/105590001,skos:relatedMatch,0.40,sty_fallback:Organic Chemical,D008050,105590001,Substance,8,chemical,BioRED
http://id.nlm.nih.gov/mesh/D010718,http://snomed.info/id/105590001,skos:relatedMatch,0.40,sty_fallback:Organic Chemical,D010718,105590001,Substance,8,chemical,"BC5CDR,BioRED"
http://id.nlm.nih.gov/mesh/D011230,http://snomed.info/id/64572001,skos:relatedMatch,0.40,sty_fallback:Disease or Syndrome,D011230,64572001,Disease,8,disease,"BC5CDR,BioRED"
http://id.nlm.nih.gov/mesh/D018754,http://snomed.info/id/64572001,skos:relatedMatch,0.40,sty_fallback:Pathologic Function,D018754,64572001,Disease,8,disease,"BC5CDR,BioRED"
http://id.nlm.nih.gov/mesh/D047310,http://snomed.info/id/105590001,skos:relatedMatch,0.40,sty_fallback:Organic Chemical,D047310,105590001,Substance,8,chemical,BC5CDR
http://id.nlm.nih.gov/mesh/D060831,http://snomed.info/id/64572001,skos:relatedMatch,0.40,sty_fallback:Disease or Syndrome,D060831,64572001,Disease,8,disease,"BC5CDR,BioRED"
http://id.nlm.nih.gov/mesh/D011220,http://snomed.info/id/387527005,skos:narrowMatch,0.55,mrrel_rn,D011220,387527005,Pralidoxime,8,chemical,"BC5CDR,BioRED"
http://id.nlm.nih.gov/mesh/D018376,http://snomed.info/id/93353003,skos:narrowMatch,0.55,mrrel_rn,D018376,93353003,Congenital malposition of subclavian artery,8,disease,"BC5CDR,BioRED"
http://id.nlm.nih.gov/mesh/C009438,http://snomed.info/id/372701006,skos:broadMatch,0.65,mrrel_rb,C009438,372701006,Antiviral,8,chemical,BC5CDR
http://id.nlm.nih.gov/mesh/C025946,http://snomed.info/id/70203000,skos:broadMatch,0.65,mrrel_rb,C025946,70203000,Adenine,8,chemical,"BC5CDR,BioRED"
http://id.nlm.nih.gov/mesh/C068820,http://snomed.info/id/429663004,skos:broadMatch,0.65,mrrel_rb,C068820,429663004,Primaquine,8,chemical,BC5CDR
http://id.nlm.nih.gov/mesh/C082828,http://snomed.info/id/387490003,skos:broadMatch,0.65,mrrel_rb,C082828,387490003,Nifedipine,8,chemical,BC5CDR
http://id.nlm.nih.gov/mesh/D010134,http://snomed.info/id/407312007,skos:broadMatch,0.65,mrrel_rb,D010134,407312007,Enzyme inhibitor,8,chemical,"BC5CDR,BioRED"
http://id.nlm.nih.gov/mesh/D011280,http://snomed.info/id/373266007,skos:broadMatch,0.65,mrrel_rb,D011280,373266007,Anesthetic,8,chemical,BC5CDR
http://id.nlm.nih.gov/mesh/D020110,http://snomed.info/id/372787008,skos:broadMatch,0.65,mrrel_rb,D020110,372787008,Vasodilator,8,chemical,BC5CDR
http://id.nlm.nih.gov/mesh/C037476,http://snomed.info/id/105590001,skos:relatedMatch,0.40,sty_fallback:Organic Chemical,C037476,105590001,Substance,7,chemical,BC5CDR
http://id.nlm.nih.gov/mesh/C049860,http://snomed.info/id/105590001,skos:relatedMatch,0.40,sty_fallback:Organic Chemical,C049860,105590001,Substance,7,chemical,BC5CDR
http://id.nlm.nih.gov/mesh/C081198,http://snomed.info/id/105590001,skos:relatedMatch,0.40,sty_fallback:Organic Chemical,C081198,105590001,Substance,7,chemical,BC5CDR
http://id.nlm.nih.gov/mesh/C106876,http://snomed.info/id/105590001,skos:relatedMatch,0.40,sty_fallback:Organic Chemical,C106876,105590001,Substance,7,chemical,BC5CDR
